product code,product model,unit price
MC32085,MoneyCounterA3,780
S6I1543,SoftwareEncryption15,690
L8N0649,LaptopA9,7357
P02C741,PaperCutter64,100
W1473B8,WaterHeater57,290
D1G4290,Digitizer39,271
EZ12538,ElectricFanU8,980
W1473B8,WaterHeater71,520
V56301I,VideoCaptureCard04,470
S03485W,SoundCard93,10
T7E2913,TollMachineH9,880
CG63821,ComputerTerminal43,360
C48967S,ChargerF5,31
GC81302,GasWaterHeaterF8,540
B239N58,BuildingIntercom75,710
C91D367,Camera95,386
M6328D7,Mouse94,62
AE80564,AirPurifierO6,990
R2I4560,RealEstateW0,70
P9L0284,Program-ControlledSwitchS6,610
M9J6453,Mp437,223
C02614Q,Cpu38,940
T0E9518,TesterO7,124
R54810N,RepeaterB1,105
FC40169,FunctionServerE7,720
C7826A5,ComputerRemoteControlN5,230
E738Y40,ElectricToothbrush21,310
NY39107,NotebookFilmY0,960
W920W86,WirelessSecurityS4,190
P8130N9,PrinterY4,406
H7143H9,HotPot14,590
P9L0284,Program-ControlledSwitchB0,410
SB01298,ScannerO9,252
H18Z450,HardDiskExtractionBox95,410
G071O86,GameMachineWire80,860
A4A8763,AttendanceMachineW1,720
D265U39,DyeSublimationPrinterA3,840
E2L5374,ElectricKettleR3,350
C3752Y9,CameraBattery26,716
S40897X,ServerMotherboardQ7,826
O36987R,OperatingSystemH9,30
C37A594,CameraBag51,718
K62879Z,KeyboardAndMouseSet73,192
T1749L0,TransceiverU0,275
SL87069,SetTopBoxI0,470
R04W892,Ribbon48,31
L903I17,LensCapN9,221
R04W892,Ribbon17,34
P09Y825,PocketPcV3,530
E8T2037,ElectricHeaterE3,270
R6713Q9,Razor72,25
R81O564,RadioYogurtMaker82,310
MM72065,MultiplexerL3,406
V5W8496,VacuumCleaner75,160
W05C734,WaterDispenserY1,420
C2056I7,Cabinet97,492
P41857Y,PhysicalSecurityIsolationD9,120
C681E75,CellPhoneBattery21,710
D7Y5182,DestroyEquipmentM9,350
M421X86,MultifunctionalT4,524
M0467E1,MobilePhoneFilm18,740
C634K72,CashRegisterY2,900
T540P67,TelephoneConference05,81
S956G17,SlrHandleU6,160
N74Y235,NetworkExtenderB5,510
P4052D1,PhotoBoxU2,450
C186H47,ConnectingLine54,150
T95761U,TabletBase04,677
G21467A,GpsI3,389
O36987R,OperatingSystemY5,600
D230D47,Dishwasher18,830
BE04182,BindingMachine56,10
M6328D7,Mouse12,58
R243J08,RemoteControlL3,490
M62870K,MassagerU3,156
EU82057,ElectricBakingPanC6,850
FK39705,FlatFilm91,380
TS64823,TwistedPairW0,530
EZ12538,ElectricFanS3,30
S8465W1,SolarWaterHeaters80,40
UL87156,UpsPowerShredder92,770
CF29758,Cd-RomBox81,66
T739U65,TapeDrivesG3,184
K7458M2,KeyboardS0,56
L92148E,LargeFormatPrinter95,420
F1L0847,FootBathEyeProtectionLampG9,390
V6Q9754,VoiceRecording52,560
D68950Z,DigitalFrame12,820
SL87069,SetTopBox78,400
EU82057,ElectricBakingPanN2,780
D230D47,Dishwasher20,953
F76983D,FlashAccessories02,124
T1239W5,TabletBagG4,389
C2F0671,Cd95,38
MR92570,MicrophoneDigitalCompanionX4,960
H089L35,HoodP6,90
A094G67,AccessController53,660
SY73215,SteeringWheel93,130
A35J746,AirConditioner27,830
E8T2037,ElectricHeater39,490
T5382D6,Tape53,134
P20O395,PedometerC2,45
EE05684,ElectricIronD7,650
S2180L4,SerialCommunicationServer74,980
C02614Q,Cpu60,875
P3650F7,PrecisionAirConditionerI6,340
L92148E,LargeFormatPrinterT5,870
L903I17,LensCap93,372
T1R9247,TvWall19,350
F8E7125,FaxMachineCopierV8,110
L29837Y,LaserPointersAndPresentersD7,520
G053V91,GameLightGunGamePeripheral93,150
R6K1395,Ram93,193
D0Q2543,DesktopPc48,270
D56294N,DvrE9,459
M79W815,MobilePhoneCarAccessories90,390
A392R56,AntivirusSoftware09,150
NY39107,NotebookFilmZ1,640
CF29758,Cd-RomBox87,83
S6I1543,SoftwareEncryptionP5,600
A08264O,AntivirusAndEmailFiltering05,870
YS95071,YubaE3,411
SK73928,SurveillanceCaptureCard79,550
RC12709,ReceiptPrinter06,630
GC81302,GasWaterHeaterS7,800
V0147T3,VideoDistributorZ5,1000
F1L0847,FootBathEyeProtectionLamp74,10
S8465W1,SolarWaterHeaters26,220
P02C741,PaperCutterI4,420
MR92570,MicrophoneDigitalCompanionF7,680
C45R631,Codec76,141
D0W8356,DigitalMobileTv28,530
W9718W3,WorkstationQ9,2552
F8E7125,FaxMachineCopierY2,710
D230D47,Dishwasher49,1270
E6N2308,ElectronicDictionary86,590
P1275R8,PrintServerX4,120
L85R920,LoadBalancingY7,140
V0W6342,VideoServerX4,1000
W05C734,WaterDispenserI8,760
UL87156,UpsPowerShredderT4,530
C48967S,ChargerU3,41
P41857Y,PhysicalSecurityIsolation35,990
D51962U,DehumidifierG3,277
DT47956,DvdPlayer78,350
A37260X,Anti-TheftAlarmHostN4,880
G80142H,GameConsoleBattery25,170
F24170J,FruitAndVegetableWashingMachineF9,360
DB83217,DisinfectionCabinetQ3,990
I072X68,IndustrialNetworkSwitchR2,320
H18Z450,HardDiskExtractionBox93,840
D56294N,DvrL0,186
T739U65,TapeDrivesH2,135
D51962U,Dehumidifier97,182
C186H47,ConnectingLine92,580
A37260X,Anti-TheftAlarmHost50,500
M0467E1,MobilePhoneFilmZ7,860
M9J6453,Mp405,276
M0467E1,MobilePhoneFilm78,500
L7P4035,LaptopDesk45,4591
R2I4560,RealEstateL1,100
S40897X,ServerMotherboardY0,798
C2056I7,CabinetZ4,287
I41V392,InkCartridgeX2,770
IQ87164,InkjetPrintersS4,520
I36Z941,ImageAlarmM3,310
PY35974,PrintMediaP9,470
A08264O,AntivirusAndEmailFiltering47,220
M85D039,MonitorH7,326
DD18704,DigitalAccessoriesL9,270
M5809H7,MotherboardA2,337
SR61908,SaasSoftwareZ5,330
M320L69,MotherboardChipsetY5,373
A273M51,Anti-SlipMobilePhoneP4,900
S0912X5,ServerO3,1012
S7843Q5,ServerMemoryA4,1133
S2501J4,ServerHardDriveJ1,912
T9508D4,TrafficManagement93,50
T95761U,TabletBaseW5,640
D8150P6,DotMatrixPrinterV1,230
FK39705,FlatFilm07,610
T7E2913,TollMachine89,150
K62879Z,KeyboardAndMouseSet74,181
B239N58,BuildingIntercomO1,770
YS95071,YubaR4,251
T0X9417,Telephone67,156
P3650F7,PrecisionAirConditionerK9,180
S93N807,SpeakerAccessoriesG0,56
S86042Z,SecurityCameraY2,400
B56K283,Blu-RayPlayerG1,180
WJ50817,WirelessAccessPointR1,650
F9135R4,Freezer65,1220
U198C32,UDiskY8,190
SE17564,ServerBarebonesH4,1045
E7R6098,E-Book87,127
P1D2567,PhoneVoiceCardC4,780
M79W815,MobilePhoneCarAccessoriesR1,640
U198C32,UDisk10,530
S2501J4,ServerHardDrive65,680
E4280M5,EpilatorA8,61
F9135R4,FreezerP7,555
S7K6834,ScreenSplitterN4,340
SW03642,SoyMilkMachineF7,670
P9L0284,Program-ControlledSwitchZ8,530
E895N12,Earphone49,62
TT21465,TranslationSoftwareU0,880
N89L425,NetworkCardC7,930
C37A594,CameraBagX6,210
F6L2495,FlashCardG3,140
B56K283,Blu-RayPlayerD5,950
N62Z458,NotebookAccessoriesA4,280
EE05684,ElectricIronD4,320
S7K6834,ScreenSplitter58,950
M713N46,MicroscopeU0,1443
C634K72,CashRegister06,740
C78629B,CdPrintRecorder57,18
FJ71643,Filter19,28
JS30927,JuicerJ9,229
V5W8496,VacuumCleaner07,760
B56K283,Blu-RayPlayer63,420
A35J746,AirConditioner85,570
C02614Q,Cpu37,752
R796N84,RangeHoodO1,810
C2B7139,CentralControlSystem74,630
PY35974,PrintMediaY8,450
H8713D4,HardDiskRecording82,260
B830R57,BarcodeAndCardReadingEquipment34,790
GS13927,GamePackL5,970
C3752Y9,CameraBatteryO2,361
A50L172,Air-ConditioningFan51,530
C97014N,CableJ6,104
F9135R4,Freezer85,1024
G21467A,GpsE3,485
N74Y235,NetworkExtenderL1,830
T035M47,TabletQ7,508
WJ50817,WirelessAccessPointZ1,580
M2348K0,MobileHardDisk72,820
P6398B4,PressureCookerP8,680
S7K6834,ScreenSplitterX5,330
C58G293,CameraFilmO0,499
S2180L4,SerialCommunicationServerN8,180
FJ71643,Filter91,86
F24170J,FruitAndVegetableWashingMachineU6,470
V0W6342,VideoServer94,560
WM85971,WirelessRouter47,570
C46258Y,CleaningAndMaintenanceD0,940
M62870K,Massager82,145
P7604Q5,Pbx97,1381
IQ87164,InkjetPrintersW0,780
S7K6834,ScreenSplitterA3,190
I41V392,InkCartridgeC4,330
A37260X,Anti-TheftAlarmHostW0,680
L0528N6,LaminatorMoDriveH2,770
G9372K0,GameChargerG5,250
DR28405,DatabaseSoftwareT5,720
S7843Q5,ServerMemory84,1445
R81O564,RadioYogurtMaker75,890
L85R920,LoadBalancing61,190
TI26891,TeachingSoftwareO3,90
B8E1796,BinocularsJ1,386
S8104Z6,Speaker31,128
MR46392,MobilePhoneJ2,440
P6398B4,PressureCookerS7,400
S92348F,ServerAccessoriesO3,1381
N62Z458,NotebookAccessoriesA6,790
YS95071,Yuba80,219
M421X86,Multifunctional48,321
C95F078,CasetteLibraryI1,460
SL87069,SetTopBoxV1,440
I357B21,InternetBehaviorManagementG2,250
S5291W4,ServerPowerV7,1468
N13J804,NotebookCase03,390
B239N58,BuildingIntercom04,900
TT21465,TranslationSoftware97,290
M320L69,MotherboardChipsetK8,469
M2589S0,Mp3A1,55
TT21465,TranslationSoftware03,560
C48967S,Charger07,71
P20O395,PedometerT4,26
NY39107,NotebookFilm95,120
T035M47,Tablet90,267
R81O564,RadioYogurtMaker92,90
PY35974,PrintMediaL2,770
R243J08,RemoteControlI4,710
CO19853,Cd-Rom02,61
HW53167,HomeTheater30,140
R796N84,RangeHoodI8,70
O8C6513,OfficeSoftwareD7,170
H7Y6824,Hand-HeldGamingDeviceL3,930
M8I1749,MonocularC0,203
A59027Z,AidedDesign81,90
T0829X7,TonerCartridge96,45
T35X601,ToiletSeatU4,310
H089L35,HoodB4,60
W49310P,WirelessNetworkCardK0,260
O9F4205,OfficeEquipmentAccessories10,20
L504L71,LaptopPowerAdapterD3,2983
A08264O,AntivirusAndEmailFiltering80,920
H7143H9,HotPot92,190
I8206B5,InductionCooker21,260
M9P8604,MobilePhoneStylusX9,790
C02614Q,Cpu68,423
C45R631,Codec97,395
L8930C4,LaptopDisplay24,2544
D1G4290,Digitizer29,324
WC49732,WirelessHdC8,970
C21057Z,CuttingPlotterD4,30
O8C6513,OfficeSoftwareS9,170
C37A594,CameraBagA2,922
I291Q38,IsbnPrinterA3,240
P4052D1,PhotoBoxP3,120
A59027Z,AidedDesignV1,850
GC81302,GasWaterHeaterF4,780
M421X86,Multifunctional39,893
S7Z8134,ServerChassis71,666
DE13695,DisplayChipB4,270
F24170J,FruitAndVegetableWashingMachineX1,440
R04W892,RibbonS0,61
G9372K0,GameChargerZ3,850
A273M51,Anti-SlipMobilePhone15,380
A35J746,AirConditionerF9,90
C3752Y9,CameraBattery09,704
G21467A,Gps21,178
T7E2913,TollMachineJ1,90
HD86793,HumidifierY1,134
E4280M5,EpilatorW2,101
A50L172,Air-ConditioningFan81,510
S2501J4,ServerHardDrive17,1414
TS64823,TwistedPairU0,830
C1F0953,ComputerFingerprintEncryptionLock83,570
C6C1543,ColorManagementX0,780
D7Y5182,DestroyEquipment06,320
C04R672,ConverterE1,500
M421X86,MultifunctionalF7,618
SL87069,SetTopBoxW7,660
N13J804,NotebookCaseF3,900
C95F078,CasetteLibraryD5,520
EU82057,ElectricBakingPan74,950
I8206B5,InductionCookerE7,870
N13J804,NotebookCaseZ1,550
M4329T8,Multimedia49,134
P09Y825,PocketPcE0,240
T9508D4,TrafficManagementF4,480
O9F4205,OfficeEquipmentAccessories73,470
S40897X,ServerMotherboard86,543
HI14706,HotelEntertainment63,90
IY01329,InductionDetector38,480
HW53167,HomeTheater94,250
C2698S3,ConsoleA3,282
C741G20,CardReaderL3,690
D51962U,DehumidifierT0,270
C6C1349,CoffeeMachine86,950
EZ12538,ElectricFanE2,820
C63081N,CdDuplicator58,16
E9G8372,ExhaustFanD8,20
L85R920,LoadBalancingD6,450
A59027Z,AidedDesign24,60
C367T20,CommunicationSoftware13,350
B830R57,BarcodeAndCardReadingEquipment20,300
SL87069,SetTopBoxD3,370
G80142H,GameConsoleBattery50,830
MG73026,MobilePhoneCompanionI6,620
C91D367,Camera35,766
L504L71,LaptopPowerAdapter37,6214
A58192Z,AccessControlMachineA8,980
A59027Z,AidedDesign96,300
YS95071,Yuba48,401
M0467E1,MobilePhoneFilmH3,220
T035M47,TabletD9,966
R5F0782,Router48,257
S5291W4,ServerPowerO3,665
L92148E,LargeFormatPrinterW0,680
P09Y825,PocketPc24,380
F9N8470,FocusingScreenR8,770
C46258Y,CleaningAndMaintenance12,740
H239M48,HardDisk51,300
M421X86,Multifunctional31,454
G70Z416,GraphicsCardC0,290
C95F078,CasetteLibrary26,920
N13J804,NotebookCase47,70
V0147T3,VideoDistributorR8,50
D7903R1,DiskArray34,630
F76983D,FlashAccessories41,195
H64578X,HeatSink24,400
CO19853,Cd-Rom67,55
FK39705,FlatFilmT9,930
E7R6098,E-BookF8,164
F40365I,FiberOpticCableT6,740
A4158M9,AccessControlSystem78,840
M6328D7,MouseG8,49
DT47956,DvdPlayer89,400
ME59832,MouseFootStickerK1,43
T9T8140,ToasterElectricOven64,630
I36Z941,ImageAlarm54,310
R04W892,RibbonD5,74
A273M51,Anti-SlipMobilePhone26,770
M328K91,MonitorU9,431
M5809H7,MotherboardZ4,251
D51962U,DehumidifierP0,411
F4K6753,FirewallX5,408
D1G4290,DigitizerX4,358
OP18549,OpticalTransceiver40,370
T28310Y,TvHanger86,250
L15649H,LinePrinter31,240
A59027Z,AidedDesign56,180
FK39705,FlatFilm27,430
A392R56,AntivirusSoftwareP9,630
FK39705,FlatFilm23,90
C2056I7,CabinetZ3,238
BP82450,BillingSystem06,370
L85R920,LoadBalancingY3,90
C7G8396,CellphoneDataLine14,540
A794O23,AdapterRing49,160
P7604Q5,Pbx05,1256
DR28405,DatabaseSoftwareO6,450
R7248S9,RecordingPenM2,560
ER04531,ElectricFencF6,270
U198C32,UDiskJ7,830
C2056I7,Cabinet07,138
C634K72,CashRegister62,390
K62879Z,KeyboardAndMouseSet90,185
W318D96,Walkie-Talkie31,426
I41V392,InkCartridgeO9,20
H7143H9,HotPotJ2,310
MM72065,MultiplexerL4,263
S2180L4,SerialCommunicationServerE9,150
F9N8470,FocusingScreenP9,410
AA85346,All-In-OnePrintingMachine57,440
I436H05,InternetLivingRoomFitnessW4,570
V968Q15,VideoGameControllerZ5,550
A273M51,Anti-SlipMobilePhone87,690
M2348K0,MobileHardDisk42,110
MR46392,MobilePhone56,410
T75D268,TripodF5,188
M4Y8765,MultimediaSoftwareA8,145
B830R57,BarcodeAndCardReadingEquipment27,800
N62Z458,NotebookAccessories20,520
V6Q9754,VoiceRecording38,310
R243J08,RemoteControlJ8,200
FC40169,FunctionServerO8,440
T35X601,ToiletSeatO7,630
PY35974,PrintMedia70,30
M5809H7,MotherboardP7,454
H7Y6824,Hand-HeldGamingDeviceN2,470
M108M47,Micro-WaveOvenJ2,250
L17546O,LaptopDockingStationQ9,3778
A50L172,Air-ConditioningFan21,600
L0528N6,LaminatorMoDriveP4,700
M97X845,MobilePowerO4,290
T9T8140,ToasterElectricOvenX4,480
S86042Z,SecurityCameraS5,160
H64578X,HeatSink10,800
L29837Y,LaserPointersAndPresentersE8,430
C78629B,CdPrintRecorder59,21
P4052D1,PhotoBox56,910
S2180L4,SerialCommunicationServerP5,800
R5F0782,Router92,228
P4052D1,PhotoBox60,300
R54810N,Repeater97,123
F24170J,FruitAndVegetableWashingMachineL2,490
D7903R1,DiskArray57,380
S15H647,SurveillanceAroundN5,150
T38951Z,TabletCase05,564
N89L425,NetworkCardZ5,920
W05C734,WaterDispenserO9,690
P7604Q5,Pbx69,946
IZ80719,IntranetSecurityNetworkVulnerabilityScanningP0,160
V6Q9754,VoiceRecordingL5,430
D0Q2543,DesktopPcZ6,920
I79Y023,InfraredAdapterS3,820
B830R57,BarcodeAndCardReadingEquipment70,630
FG91426,FiberEquipment38,310
C7826A5,ComputerRemoteControlG0,790
M79W815,MobilePhoneCarAccessoriesW6,60
CC50327,CentralWaterHeater34,840
SK73928,SurveillanceCaptureCardD5,640
L891S65,LcdTv45,630
P3650F7,PrecisionAirConditioner90,350
G58A216,GasStoves79,210
T540P67,TelephoneConferenceI1,87
B189A57,BluetoothAdapterP2,170
C98142A,CameraRemoteO4,400
C2F0671,Cd49,35
P4052D1,PhotoBox94,10
M328K91,Monitor57,224
D8560Q1,DigitalCamera85,970
D7903R1,DiskArrayM7,990
F6L2495,FlashCardU8,181
B830R57,BarcodeAndCardReadingEquipment71,960
SY73215,SteeringWheel71,210
CS90168,CustomerManagementSoftwareCrm36,650
S8465W1,SolarWaterHeaters12,820
FG91426,FiberEquipmentH6,190
L891S65,LcdTvG1,150
P41857Y,PhysicalSecurityIsolation71,620
C78629B,CdPrintRecorderL8,40
C1F0953,ComputerFingerprintEncryptionLockE3,100
L0X9362,LaserPrinterT5,810
SW03642,SoyMilkMachineM1,220
C45R631,CodecH2,106
P8130N9,PrinterH8,139
E6N2308,ElectronicDictionary67,570
R796N84,RangeHoodC9,1000
CY08734,CursorMarkingMachineZ7,610
TU23769,Telescope03,298
K62879Z,KeyboardAndMouseSetF3,156
M97X845,MobilePowerK1,950
H7Y6824,Hand-HeldGamingDeviceO6,840
M79W815,MobilePhoneCarAccessories21,420
S2501J4,ServerHardDriveB3,1424
BP82450,BillingSystemC5,860
C37A594,CameraBagI1,364
CY08734,CursorMarkingMachine84,790
DB83217,DisinfectionCabinetQ0,780
R58049A,ReadingMachineQ3,880
E4280M5,EpilatorO0,171
L17546O,LaptopDockingStation94,1738
M62870K,Massager63,194
L60241X,LabelPrinterA6,600
W318D96,Walkie-TalkieI5,248
C186H47,ConnectingLine29,200
L47869Q,LightningProtectionProductsE4,730
F76983D,FlashAccessories76,106
S6I1543,SoftwareEncryptionI2,320
B239N58,BuildingIntercom95,910
G80142H,GameConsoleBatteryZ5,850
T35X601,ToiletSeat05,10
A02N847,AudioAndVideoCableP6,230
H089L35,HoodX9,74
P15647X,PlasmaTv10,880
F790I64,FlashU8,100
L47869Q,LightningProtectionProductsV0,820
R5F0782,RouterB5,330
UL87156,UpsPowerShredderJ5,630
P56U187,PowerAmplifierA3,280
L0528N6,LaminatorMoDrive12,630
M85D039,MonitorO3,110
CN93120,ChassisZ1,116
L0X9362,LaserPrinterC5,550
N62Z458,NotebookAccessories35,410
SK73928,SurveillanceCaptureCardO3,240
C367T20,CommunicationSoftware60,560
H7143H9,HotPotI6,120
CY08734,CursorMarkingMachine03,780
S92348F,ServerAccessories38,758
WC49732,WirelessHdS0,830
A37260X,Anti-TheftAlarmHost87,140
S86042Z,SecurityCamera42,220
S86042Z,SecurityCamera25,650
E895N12,Earphone27,74
S6I1543,SoftwareEncryption06,850
P6O1843,Pager17,63
O9F4205,OfficeEquipmentAccessoriesI1,720
A08264O,AntivirusAndEmailFilteringE7,980
M8I1749,Monocular54,498
SR61908,SaasSoftwareY1,670
D8150P6,DotMatrixPrinterK1,110
T7E2913,TollMachine62,280
H362I81,HairDryerX7,760
CZ28413,CarEquipment35,730
L0528N6,LaminatorMoDrive26,410
D68950Z,DigitalFrameE7,900
V6Q9754,VoiceRecordingR0,640
P09Y825,PocketPc54,650
D0W8356,DigitalMobileTvH2,870
M48J309,MailServerSoftware74,770
W49310P,WirelessNetworkCardN4,380
C8739R1,CallCenterC9,150
L891S65,LcdTvS3,520
S0912X5,Server40,1400
P1275R8,PrintServerV0,30
K7458M2,Keyboard28,114
R243J08,RemoteControl83,460
H7Y6824,Hand-HeldGamingDeviceR5,310
GC81302,GasWaterHeaterN7,220
T67P542,TvBaseT6,300
O9F4205,OfficeEquipmentAccessories24,720
T28310Y,TvHanger69,300
L8N0649,LaptopC6,1242
M859T76,ModularInterfaceCardHub47,700
E738Y40,ElectricToothbrushX5,410
A35J746,AirConditioner71,500
D265U39,DyeSublimationPrinterW3,260
L8N0649,Laptop78,8566
S8465W1,SolarWaterHeatersU5,520
C741G20,CardReader59,920
SW03642,SoyMilkMachine50,670
T75D268,Tripod50,120
C634K72,CashRegisterM3,270
F40365I,FiberOpticCable39,910
M8I1749,MonocularY1,325
I1M6430,ImageSoftwareTypesettingSoftwareC6,350
A58192Z,AccessControlMachineK1,320
F6L2495,FlashCard87,98
A273M51,Anti-SlipMobilePhoneP9,820
H5684K7,HardDiskA7,500
BE04182,BindingMachineM0,120
I53862I,IntegratedWiringZ2,30
D0W8356,DigitalMobileTvZ2,380
P1275R8,PrintServer04,150
MR46392,MobilePhone49,340
P7604Q5,Pbx06,1115
CM46520,CableAdapterCardN9,195
I072X68,IndustrialNetworkSwitchA7,550
O8C6513,OfficeSoftwareT1,40
H9842K1,HardDisk52,100
R58049A,ReadingMachine54,690
G21467A,Gps07,481
C78629B,CdPrintRecorder13,24
S7Z8134,ServerChassisH9,937
L903I17,LensCapU7,177
N62Z458,NotebookAccessoriesA7,570
E7R6098,E-BookD6,75
T035M47,TabletU8,787
P45Q120,PhotocopyingMachineS8,230
M97X845,MobilePower20,40
UL87156,UpsPowerShredderT7,270
M6328D7,MouseB8,55
S7Z8134,ServerChassis79,1275
C9520Y6,ColdLaminator63,830
I357B21,InternetBehaviorManagement96,950
S6I1543,SoftwareEncryptionY3,340
B189A57,BluetoothAdapter64,300
E4280M5,Epilator24,154
AU79605,AntennaSystem39,470
UL87156,UpsPowerShredder19,60
M40V792,MobilePhoneChargerF9,10
C95F078,CasetteLibraryT2,430
D0W8356,DigitalMobileTvO8,290
FG91426,FiberEquipmentC4,160
O8C6513,OfficeSoftware20,830
CC50327,CentralWaterHeaterV6,120
L47869Q,LightningProtectionProducts26,30
A794O23,AdapterRing70,350
A37260X,Anti-TheftAlarmHost23,220
P09Y825,PocketPcN8,730
T9T8140,ToasterElectricOvenB8,560
DR28405,DatabaseSoftware09,180
BP82450,BillingSystemI2,660
PI37560,PowerLineCommunicationEquipmentZ2,640
R39U102,RefrigeratorZ7,1019
MG73026,MobilePhoneCompanion86,300
R796N84,RangeHood35,350
A08264O,AntivirusAndEmailFiltering70,880
S03485W,SoundCard61,30
C58G293,CameraFilm45,340
M9P8604,MobilePhoneStylus63,690
D0Q2543,DesktopPc74,890
TF15948,Toner79,99
C2B7139,CentralControlSystemO7,650
G071O86,GameMachineWire98,430
W1473B8,WaterHeater40,60
V5W8496,VacuumCleaner90,510
C367T20,CommunicationSoftware34,850
SY73215,SteeringWheel49,240
L891S65,LcdTvV7,930
CS90168,CustomerManagementSoftwareCrm49,210
C634K72,CashRegister74,560
C741G20,CardReaderQ0,240
F9N8470,FocusingScreenU8,520
D0Q2543,DesktopPcP3,790
C46258Y,CleaningAndMaintenanceY4,610
R6K1395,RamY9,66
H089L35,Hood15,37
L8930C4,LaptopDisplayF0,638
A58192Z,AccessControlMachineY2,510
D1G4290,Digitizer56,357
D1G4290,Digitizer54,253
D7Y5182,DestroyEquipment65,980
AE91287,ApplicationSupervision29,890
MR92570,MicrophoneDigitalCompanion60,950
G427L06,GameConsoleFilmN3,10
S5291W4,ServerPower40,614
M489T70,MousePad98,51
SR61908,SaasSoftware94,640
TO87603,TvPlayer60,80
ML18593,Minicomputer24,984
L17546O,LaptopDockingStationF9,553
LO12047,LensD7,253
P1275R8,PrintServer18,770
W08294X,WashingMachine56,420
WJ50817,WirelessAccessPoint23,370
G053V91,GameLightGunGamePeripheralL5,250
S8104Z6,Speaker30,110
CZ28413,CarEquipment85,990
E895N12,EarphoneV5,91
AE80564,AirPurifierV6,100
CY08734,CursorMarkingMachineR0,790
PY35974,PrintMediaD1,310
EE05684,ElectricIronB1,680
GS13927,GamePackW4,320
I8206B5,InductionCookerD2,120
I1M6430,ImageSoftwareTypesettingSoftware28,890
EE05684,ElectricIron24,550
AA85346,All-In-OnePrintingMachineW9,420
D230D47,DishwasherM7,757
E7R6098,E-Book16,81
LO12047,LensQ4,232
W49310P,WirelessNetworkCardL1,610
H18Z450,HardDiskExtractionBoxA4,880
W1473B8,WaterHeater94,880
L7B6430,Laptop'SBatteryT2,310
HD86793,HumidifierE8,220
RC12709,ReceiptPrinter76,400
L85R920,LoadBalancingK8,20
SY73215,SteeringWheelI5,310
OP18549,OpticalTransceiver46,990
SE17564,ServerBarebonesM0,711
A50L172,Air-ConditioningFan79,480
I94V518,IndustrialControlEquipment60,620
TI26891,TeachingSoftware73,210
H64578X,HeatSink95,520
C48967S,ChargerD9,73
S92348F,ServerAccessories10,956
T0X9417,TelephoneU9,104
P3650F7,PrecisionAirConditionerG9,940
A31Y204,AllInOneComputerT0,840
VM86749,ViewfinderL1,167
I36Z941,ImageAlarm30,150
P968H24,PowerSupply63,600
T0829X7,TonerCartridgeH6,93
O032T69,OnlineTelephone15,180
MM72065,Multiplexer89,240
C2056I7,CabinetS3,245
C2F0671,CdX0,13
S2180L4,SerialCommunicationServer64,460
C98142A,CameraRemoteK4,920
D8150P6,DotMatrixPrinter76,190
C1F0953,ComputerFingerprintEncryptionLock04,370
T67P542,TvBase65,600
L29837Y,LaserPointersAndPresentersV2,480
TU23769,TelescopeL9,458
T739U65,TapeDrives59,87
D7903R1,DiskArray38,60
P02C741,PaperCutterV5,190
LO12047,LensI9,200
SE17564,ServerBarebonesT3,1000
WC49732,WirelessHdX1,510
C741G20,CardReaderQ9,760
C58G293,CameraFilmQ3,273
W9718W3,Workstation06,1177
C6C1349,CoffeeMachineL7,280
F6L2495,FlashCard95,168
N2364L9,NetworkManagementAndBackupSoftwarevirtualizationSoftware51,100
C04R672,Converter21,239
R81O564,RadioYogurtMakerP4,810
O853L07,OtherAccessoriesQ9,540
P56U187,PowerAmplifierJ9,380
S93N807,SpeakerAccessories69,54
OP18549,OpticalTransceiver15,420
L47869Q,LightningProtectionProductsD6,520
M4329T8,Multimedia39,259
R81O564,RadioYogurtMakerR4,180
C7826A5,ComputerRemoteControl02,640
A35J746,AirConditioner38,760
P41857Y,PhysicalSecurityIsolationN5,260
G9372K0,GameChargerN0,280
T0E9518,Tester74,94
R7248S9,RecordingPenR9,280
W52V643,WirelessNetworkCard58,1000
SR61908,SaasSoftwareK7,970
MC32085,MoneyCounter63,150
V0W6342,VideoServerD1,880
G071O86,GameMachineWire89,570
V56301I,VideoCaptureCard83,440
H7Y6824,Hand-HeldGamingDeviceD7,210
I36Z941,ImageAlarmA1,410
W49310P,WirelessNetworkCardX4,350
M328K91,Monitor84,293
S36N209,Ssd50,276
OP18549,OpticalTransceiver76,720
H362I81,HairDryer59,850
TU23769,Telescope92,191
U198C32,UDiskK0,660
T1R9247,TvWallQ1,520
A4A8763,AttendanceMachine76,390
R54810N,Repeater18,200
F8E7125,FaxMachineCopierD4,170
M328K91,MonitorF1,428
CN93120,Chassis83,121
C46258Y,CleaningAndMaintenanceE5,810
D0Q2543,DesktopPc78,260
B306F21,Barebones71,836
PI37560,PowerLineCommunicationEquipment94,320
E8T2037,ElectricHeaterP7,890
HD86793,HumidifierY5,101
C2B7139,CentralControlSystemU8,470
G9372K0,GameChargerA5,490
G9372K0,GameChargerK2,910
S0912X5,Server43,591
C96H382,Cluster15,377
SB01298,Scanner21,205
P02C741,PaperCutter65,780
T9508D4,TrafficManagementN0,620
T9T8140,ToasterElectricOven06,620
T67P542,TvBaseP0,50
SR61908,SaasSoftwareE0,300
I36Z941,ImageAlarm41,160
DB83217,DisinfectionCabinetX2,750
L29837Y,LaserPointersAndPresentersS3,410
S0912X5,ServerR5,1340
L7P4035,LaptopDesk56,4658
T0X9417,TelephoneH7,163
WJ50817,WirelessAccessPointY0,10
WC49732,WirelessHd53,880
R5F0782,RouterX4,232
I94V518,IndustrialControlEquipment34,350
S3R8754,Switch59,241
L903I17,LensCapR5,143
CS90168,CustomerManagementSoftwareCrmW1,230
T540P67,TelephoneConferenceY7,166
M328K91,MonitorB2,498
C96H382,ClusterR4,289
N89L425,NetworkCardG1,60
C7G8396,CellphoneDataLineP5,350
G427L06,GameConsoleFilmN2,260
F1L0847,FootBathEyeProtectionLamp14,550
M9J6453,Mp4O7,383
T35X601,ToiletSeatM4,110
T0829X7,TonerCartridge29,39
TS64823,TwistedPair02,410
E4280M5,EpilatorR1,102
C186H47,ConnectingLine13,470
CF29758,Cd-RomBox49,127
T0E9518,Tester04,153
M85D039,Monitor75,179
E895N12,EarphoneP5,28
T67P542,TvBase30,740
C9520Y6,ColdLaminatorK3,140
S956G17,SlrHandle74,350
W52V643,WirelessNetworkCardD4,660
C96H382,ClusterH8,486
C9520Y6,ColdLaminator86,420
D68950Z,DigitalFrame48,340
RZ42653,RepeaterK4,70
C95F078,CasetteLibraryJ4,990
D50A198,DigitalCamera90,510
L92148E,LargeFormatPrinterD9,30
F9N8470,FocusingScreenU5,90
M9J6453,Mp4C9,455
W05C734,WaterDispenser12,20
C9520Y6,ColdLaminatorV6,890
C9W7563,CardPrinterP8,980
MR92570,MicrophoneDigitalCompanion64,160
LR91308,LaminatingMachineY9,480
H4239U1,HandwritingInputE9,720
SB01298,Scanner43,360
M9J6453,Mp4Z2,410
EZ12538,ElectricFan12,690
T5382D6,TapeS1,52
TT21465,TranslationSoftware40,680
P7604Q5,PbxW9,695
O032T69,OnlineTelephoneO8,380
D265U39,DyeSublimationPrinter41,540
D93P178,DevelopSoftware23,400
C2F0671,Cd24,37
I41V392,InkCartridgeU4,960
R243J08,RemoteControlU8,480
G80142H,GameConsoleBatteryB1,450
N13J804,NotebookCaseP4,430
SB01298,Scanner87,478
F790I64,Flash95,57
SE17564,ServerBarebones96,1187
R796N84,RangeHoodE2,60
A50L172,Air-ConditioningFan38,600
B189A57,BluetoothAdapterL1,440
M97X845,MobilePowerV4,80
P3650F7,PrecisionAirConditionerK4,780
G75X306,GameConsoleMemory17,410
N74Y235,NetworkExtenderA0,190
R6K1395,RamZ7,81
R45327J,RiceCooker18,150
O9F4205,OfficeEquipmentAccessories21,820
D8150P6,DotMatrixPrinterS4,980
E8T2037,ElectricHeaterR1,350
I1M6430,ImageSoftwareTypesettingSoftwareP6,580
LR91308,LaminatingMachineE3,670
H8713D4,HardDiskRecordingT5,170
S93N807,SpeakerAccessories96,102
L7P4035,LaptopDesk43,5805
C7G8396,CellphoneDataLine26,450
W920W86,WirelessSecurity90,400
L47869Q,LightningProtectionProductsK9,760
D0W8356,DigitalMobileTv84,420
T35X601,ToiletSeatC2,470
L8N0649,LaptopI7,7452
D50A198,DigitalCamera75,990
V56301I,VideoCaptureCard60,710
C48967S,Charger01,85
F9N8470,FocusingScreenU7,920
T67P542,TvBaseR1,890
D50A198,DigitalCameraS4,700
G071O86,GameMachineWireH5,490
B8E1796,Binoculars12,132
L5T1069,LcdMonitor47,320
T1239W5,TabletBag62,305
A4A8763,AttendanceMachine24,600
HD86793,HumidifierF6,316
F76983D,FlashAccessories19,172
T7E2913,TollMachineU6,20
CS90168,CustomerManagementSoftwareCrm50,760
GC81302,GasWaterHeaterB3,970
M40V792,MobilePhoneChargerD7,510
C6C1349,CoffeeMachineK4,540
V0W6342,VideoServer62,420
S92348F,ServerAccessoriesC2,999
S5291W4,ServerPower76,858
CZ28413,CarEquipment58,780
P56U187,PowerAmplifier15,720
C04R672,ConverterR3,295
C2F0671,Cd74,43
M40V792,MobilePhoneCharger07,10
I94V518,IndustrialControlEquipmentB7,320
W9718W3,WorkstationU5,1210
S93N807,SpeakerAccessoriesB0,137
P9L0284,Program-ControlledSwitchD8,750
HI14706,HotelEntertainmentV4,510
T9T8140,ToasterElectricOvenO2,380
S1490W6,ShutterReleaseP4,720
V0W6342,VideoServerY0,830
D51962U,DehumidifierK8,228
D265U39,DyeSublimationPrinterY6,180
DT47956,DvdPlayerG0,340
T95761U,TabletBase60,422
LR91308,LaminatingMachineV6,940
C3752Y9,CameraBattery40,322
S7K6834,ScreenSplitterB7,580
T035M47,Tablet82,327
T0829X7,TonerCartridge20,57
T0X9417,TelephoneM2,57
LR91308,LaminatingMachineC3,230
S03485W,SoundCardE9,740
A58192Z,AccessControlMachine78,580
S5291W4,ServerPowerH6,794
FG91426,FiberEquipmentF2,310
I291Q38,IsbnPrinterW6,130
C2698S3,Console71,257
DD18704,DigitalAccessoriesD7,440
M8I1749,Monocular31,231
M97X845,MobilePowerN6,170
FG91426,FiberEquipmentB0,70
RZ42653,RepeaterV9,164
HD86793,HumidifierZ4,312
M70628E,MobilePhoneBaseX8,580
CC50327,CentralWaterHeaterI0,490
P9L0284,Program-ControlledSwitchS2,700
M859T76,ModularInterfaceCardHub96,80
HI14706,HotelEntertainment81,560
L17546O,LaptopDockingStation45,3487
CC50327,CentralWaterHeaterX5,870
AE80564,AirPurifierD4,650
D50A198,DigitalCamera56,60
L15649H,LinePrinterX7,760
S36N209,Ssd73,309
CZ28413,CarEquipment57,640
CZ28413,CarEquipmentS3,380
R7248S9,RecordingPenA3,860
F24170J,FruitAndVegetableWashingMachineX6,830
G8573U9,GameJoystick05,360
E6N2308,ElectronicDictionaryG3,340
F40365I,FiberOpticCableI3,240
